Date,Close
1/4/1999,"1,228.10"
1/5/1999,"1,244.78"
1/6/1999,"1,272.34"
1/7/1999,"1,269.73"
1/8/1999,"1,275.09"
1/11/1999,"1,263.88"
1/12/1999,"1,239.51"
1/13/1999,"1,234.40"
1/14/1999,"1,212.19"
1/15/1999,"1,243.26"
1/19/1999,"1,252.00"
1/20/1999,"1,256.62"
1/21/1999,"1,235.16"
1/22/1999,"1,225.19"
1/25/1999,"1,233.98"
1/26/1999,"1,252.31"
1/27/1999,"1,243.17"
1/28/1999,"1,265.37"
1/29/1999,"1,279.64"
2/1/1999,"1,273.00"
2/2/1999,"1,261.99"
2/3/1999,"1,272.07"
2/4/1999,"1,248.49"
2/5/1999,"1,239.40"
2/8/1999,"1,243.77"
2/9/1999,"1,216.14"
2/10/1999,"1,223.55"
2/11/1999,"1,254.04"
2/12/1999,"1,230.13"
2/16/1999,"1,241.87"
2/17/1999,"1,224.03"
2/18/1999,"1,237.28"
2/19/1999,"1,239.22"
2/22/1999,"1,272.14"
2/23/1999,"1,271.18"
2/24/1999,"1,253.41"
2/25/1999,"1,245.02"
2/26/1999,"1,238.33"
3/1/1999,"1,236.16"
3/2/1999,"1,225.50"
3/3/1999,"1,227.70"
3/4/1999,"1,246.64"
3/5/1999,"1,275.47"
3/8/1999,"1,282.73"
3/9/1999,"1,279.84"
3/10/1999,"1,286.84"
3/11/1999,"1,297.68"
3/12/1999,"1,294.59"
3/15/1999,"1,307.26"
3/16/1999,"1,306.38"
3/17/1999,"1,297.82"
3/18/1999,"1,316.55"
3/19/1999,"1,299.29"
3/22/1999,"1,297.01"
3/23/1999,"1,262.14"
3/24/1999,"1,268.59"
3/25/1999,"1,289.99"
3/26/1999,"1,282.80"
3/29/1999,"1,310.17"
3/30/1999,"1,300.75"
3/31/1999,"1,286.37"
4/1/1999,"1,293.72"
4/5/1999,"1,321.12"
4/6/1999,"1,317.89"
4/7/1999,"1,326.89"
4/8/1999,"1,343.98"
4/9/1999,"1,348.35"
4/12/1999,"1,358.64"
4/13/1999,"1,349.82"
4/14/1999,"1,328.44"
4/15/1999,"1,322.86"
4/16/1999,"1,319.00"
4/19/1999,"1,289.48"
4/20/1999,"1,306.17"
4/21/1999,"1,336.12"
4/22/1999,"1,358.82"
4/23/1999,"1,356.85"
4/26/1999,"1,360.04"
4/27/1999,"1,362.80"
4/28/1999,"1,350.91"
4/29/1999,"1,342.83"
4/30/1999,"1,335.18"
5/3/1999,"1,354.63"
5/4/1999,"1,332.00"
5/5/1999,"1,347.31"
5/6/1999,"1,332.05"
5/7/1999,"1,345.00"
5/10/1999,"1,340.30"
5/11/1999,"1,355.61"
5/12/1999,"1,364.00"
5/13/1999,"1,367.56"
5/14/1999,"1,337.80"
5/17/1999,"1,339.49"
5/18/1999,"1,333.32"
5/19/1999,"1,344.23"
5/20/1999,"1,338.83"
5/21/1999,"1,330.29"
5/24/1999,"1,306.65"
5/25/1999,"1,284.40"
5/26/1999,"1,304.76"
5/27/1999,"1,281.41"
5/28/1999,"1,301.84"
6/1/1999,"1,294.26"
6/2/1999,"1,294.81"
6/3/1999,"1,299.54"
6/4/1999,"1,327.75"
6/7/1999,"1,334.52"
6/8/1999,"1,317.33"
6/9/1999,"1,318.64"
6/10/1999,"1,302.82"
6/11/1999,"1,293.64"
6/14/1999,"1,294.00"
6/15/1999,"1,301.16"
6/16/1999,"1,330.41"
6/17/1999,"1,339.90"
6/18/1999,"1,342.84"
6/21/1999,"1,349.00"
6/22/1999,"1,335.88"
6/23/1999,"1,333.06"
6/24/1999,"1,315.78"
6/25/1999,"1,315.31"
6/28/1999,"1,331.35"
6/29/1999,"1,351.45"
6/30/1999,"1,372.71"
7/1/1999,"1,380.96"
7/2/1999,"1,391.22"
7/6/1999,"1,388.12"
7/7/1999,"1,395.86"
7/8/1999,"1,394.42"
7/9/1999,"1,403.28"
7/12/1999,"1,399.10"
7/13/1999,"1,393.56"
7/14/1999,"1,398.17"
7/15/1999,"1,409.62"
7/16/1999,"1,418.78"
7/19/1999,"1,407.65"
7/20/1999,"1,377.10"
7/21/1999,"1,379.29"
7/22/1999,"1,360.97"
7/23/1999,"1,356.94"
7/26/1999,"1,347.76"
7/27/1999,"1,362.84"
7/28/1999,"1,365.40"
7/29/1999,"1,341.03"
7/30/1999,"1,328.72"
8/2/1999,"1,328.05"
8/3/1999,"1,322.18"
8/4/1999,"1,305.33"
8/5/1999,"1,313.71"
8/6/1999,"1,300.29"
8/9/1999,"1,297.80"
8/10/1999,"1,281.39"
8/11/1999,"1,301.89"
8/12/1999,"1,298.14"
8/13/1999,"1,327.64"
8/16/1999,"1,330.75"
8/17/1999,"1,344.15"
8/18/1999,"1,332.85"
8/19/1999,"1,323.59"
8/20/1999,"1,336.61"
8/23/1999,"1,360.22"
8/24/1999,"1,363.50"
8/25/1999,"1,381.79"
8/26/1999,"1,362.01"
8/27/1999,"1,348.27"
8/30/1999,"1,324.02"
8/31/1999,"1,320.41"
9/1/1999,"1,331.07"
9/2/1999,"1,319.11"
9/3/1999,"1,357.24"
9/7/1999,"1,350.45"
9/8/1999,"1,344.15"
9/9/1999,"1,347.66"
9/10/1999,"1,351.66"
9/13/1999,"1,344.13"
9/14/1999,"1,336.29"
9/15/1999,"1,317.97"
9/16/1999,"1,318.48"
9/17/1999,"1,335.42"
9/20/1999,"1,335.53"
9/21/1999,"1,307.58"
9/22/1999,"1,310.51"
9/23/1999,"1,280.41"
9/24/1999,"1,277.36"
9/27/1999,"1,283.31"
9/28/1999,"1,282.20"
9/29/1999,"1,268.37"
9/30/1999,"1,282.71"
10/1/1999,"1,282.81"
10/4/1999,"1,304.60"
10/5/1999,"1,301.35"
10/6/1999,"1,325.40"
10/7/1999,"1,317.64"
10/8/1999,"1,336.02"
10/11/1999,"1,335.21"
10/12/1999,"1,313.04"
10/13/1999,"1,285.55"
10/14/1999,"1,283.42"
10/15/1999,"1,247.41"
10/18/1999,"1,254.13"
10/19/1999,"1,261.32"
10/20/1999,"1,289.43"
10/21/1999,"1,283.61"
10/22/1999,"1,301.65"
10/25/1999,"1,293.63"
10/26/1999,"1,281.91"
10/27/1999,"1,296.71"
10/28/1999,"1,342.44"
10/29/1999,"1,362.93"
11/1/1999,"1,354.12"
11/2/1999,"1,347.74"
11/3/1999,"1,354.93"
11/4/1999,"1,362.64"
11/5/1999,"1,370.23"
11/8/1999,"1,377.01"
11/9/1999,"1,365.28"
11/10/1999,"1,373.46"
11/11/1999,"1,381.46"
11/12/1999,"1,396.06"
11/15/1999,"1,394.39"
11/16/1999,"1,419.83"
11/17/1999,"1,410.71"
11/18/1999,"1,424.94"
11/19/1999,"1,422.00"
11/22/1999,"1,420.94"
11/23/1999,"1,404.64"
11/24/1999,"1,417.08"
11/26/1999,"1,416.62"
11/29/1999,"1,407.83"
11/30/1999,"1,388.91"
12/1/1999,"1,397.72"
12/2/1999,"1,409.04"
12/3/1999,"1,433.30"
12/6/1999,"1,423.33"
12/7/1999,"1,409.17"
12/8/1999,"1,403.88"
12/9/1999,"1,408.11"
12/10/1999,"1,417.04"
12/13/1999,"1,415.22"
12/14/1999,"1,403.17"
12/15/1999,"1,413.32"
12/16/1999,"1,418.78"
12/17/1999,"1,421.03"
12/20/1999,"1,418.09"
12/21/1999,"1,433.43"
12/22/1999,"1,436.13"
12/23/1999,"1,458.34"
12/27/1999,"1,457.10"
12/28/1999,"1,457.66"
12/29/1999,"1,463.46"
12/30/1999,"1,464.47"
12/31/1999,"1,469.25"
1/3/2000,"1,455.22"
1/4/2000,"1,399.42"
1/5/2000,"1,402.11"
1/6/2000,"1,403.45"
1/7/2000,"1,441.47"
1/10/2000,"1,457.60"
1/11/2000,"1,438.56"
1/12/2000,"1,432.25"
1/13/2000,"1,449.68"
1/14/2000,"1,465.15"
1/18/2000,"1,455.14"
1/19/2000,"1,455.90"
1/20/2000,"1,445.57"
1/21/2000,"1,441.36"
1/24/2000,"1,401.53"
1/25/2000,"1,410.03"
1/26/2000,"1,404.09"
1/27/2000,"1,398.56"
1/28/2000,"1,360.16"
1/31/2000,"1,394.46"
2/1/2000,"1,409.28"
2/2/2000,"1,409.12"
2/3/2000,"1,424.97"
2/4/2000,"1,424.37"
2/7/2000,"1,424.24"
2/8/2000,"1,441.72"
2/9/2000,"1,411.70"
2/10/2000,"1,416.83"
2/11/2000,"1,387.12"
2/14/2000,"1,389.94"
2/15/2000,"1,402.05"
2/16/2000,"1,387.67"
2/17/2000,"1,388.26"
2/18/2000,"1,346.09"
2/22/2000,"1,352.17"
2/23/2000,"1,360.69"
2/24/2000,"1,353.43"
2/25/2000,"1,333.36"
2/28/2000,"1,348.05"
2/29/2000,"1,366.42"
3/1/2000,"1,379.19"
3/2/2000,"1,381.76"
3/3/2000,"1,409.17"
3/6/2000,"1,391.28"
3/7/2000,"1,355.62"
3/8/2000,"1,366.70"
3/9/2000,"1,401.69"
3/10/2000,"1,395.07"
3/13/2000,"1,383.62"
3/14/2000,"1,359.15"
3/15/2000,"1,392.15"
3/16/2000,"1,458.47"
3/17/2000,"1,464.47"
3/20/2000,"1,456.63"
3/21/2000,"1,493.87"
3/22/2000,"1,500.64"
3/23/2000,"1,527.35"
3/24/2000,"1,527.46"
3/27/2000,"1,523.86"
3/28/2000,"1,507.73"
3/29/2000,"1,508.52"
3/30/2000,"1,487.92"
3/31/2000,"1,498.58"
4/3/2000,"1,505.97"
4/4/2000,"1,494.73"
4/5/2000,"1,487.37"
4/6/2000,"1,501.34"
4/7/2000,"1,516.35"
4/10/2000,"1,504.46"
4/11/2000,"1,500.59"
4/12/2000,"1,467.17"
4/13/2000,"1,440.51"
4/14/2000,"1,356.56"
4/17/2000,"1,401.44"
4/18/2000,"1,441.61"
4/19/2000,"1,427.47"
4/20/2000,"1,434.54"
4/24/2000,"1,429.86"
4/25/2000,"1,477.44"
4/26/2000,"1,460.99"
4/27/2000,"1,464.92"
4/28/2000,"1,452.43"
5/1/2000,"1,468.25"
5/2/2000,"1,446.29"
5/3/2000,"1,415.10"
5/4/2000,"1,409.57"
5/5/2000,"1,432.63"
5/8/2000,"1,424.17"
5/9/2000,"1,412.14"
5/10/2000,"1,383.05"
5/11/2000,"1,407.81"
5/12/2000,"1,420.96"
5/15/2000,"1,452.36"
5/16/2000,"1,466.04"
5/17/2000,"1,447.80"
5/18/2000,"1,437.21"
5/19/2000,"1,406.95"
5/22/2000,"1,400.72"
5/23/2000,"1,373.86"
5/24/2000,"1,399.05"
5/25/2000,"1,381.52"
5/26/2000,"1,378.02"
5/30/2000,"1,422.45"
5/31/2000,"1,420.60"
6/1/2000,"1,448.81"
6/2/2000,"1,477.26"
6/5/2000,"1,467.63"
6/6/2000,"1,457.84"
6/7/2000,"1,471.36"
6/8/2000,"1,461.67"
6/9/2000,"1,456.95"
6/12/2000,"1,446.00"
6/13/2000,"1,469.44"
6/14/2000,"1,470.54"
6/15/2000,"1,478.73"
6/16/2000,"1,464.46"
6/19/2000,"1,486.00"
6/20/2000,"1,475.95"
6/21/2000,"1,479.13"
6/22/2000,"1,452.18"
6/23/2000,"1,441.48"
6/26/2000,"1,455.31"
6/27/2000,"1,450.55"
6/28/2000,"1,454.82"
6/29/2000,"1,442.39"
6/30/2000,"1,454.60"
7/3/2000,"1,469.32"
7/5/2000,"1,446.23"
7/6/2000,"1,456.67"
7/7/2000,"1,478.90"
7/10/2000,"1,475.62"
7/11/2000,"1,480.88"
7/12/2000,"1,492.92"
7/13/2000,"1,495.84"
7/14/2000,"1,509.98"
7/17/2000,"1,510.49"
7/18/2000,"1,493.74"
7/19/2000,"1,481.96"
7/20/2000,"1,495.57"
7/21/2000,"1,480.19"
7/24/2000,"1,464.29"
7/25/2000,"1,474.47"
7/26/2000,"1,452.42"
7/27/2000,"1,449.62"
7/28/2000,"1,419.89"
7/31/2000,"1,430.83"
8/1/2000,"1,438.10"
8/2/2000,"1,438.70"
8/3/2000,"1,452.56"
8/4/2000,"1,462.93"
8/7/2000,"1,479.32"
8/8/2000,"1,482.80"
8/9/2000,"1,472.87"
8/10/2000,"1,460.25"
8/11/2000,"1,471.84"
8/14/2000,"1,491.56"
8/15/2000,"1,484.43"
8/16/2000,"1,479.85"
8/17/2000,"1,496.07"
8/18/2000,"1,491.72"
8/21/2000,"1,499.48"
8/22/2000,"1,498.13"
8/23/2000,"1,505.97"
8/24/2000,"1,508.31"
8/25/2000,"1,506.45"
8/28/2000,"1,514.09"
8/29/2000,"1,509.84"
8/30/2000,"1,502.59"
8/31/2000,"1,517.68"
9/1/2000,"1,520.77"
9/5/2000,"1,507.08"
9/6/2000,"1,492.25"
9/7/2000,"1,502.51"
9/8/2000,"1,494.64"
9/11/2000,"1,489.26"
9/12/2000,"1,481.99"
9/13/2000,"1,484.91"
9/14/2000,"1,480.87"
9/15/2000,"1,465.81"
9/18/2000,"1,444.51"
9/19/2000,"1,459.90"
9/20/2000,"1,451.34"
9/21/2000,"1,449.05"
9/22/2000,"1,448.72"
9/25/2000,"1,439.03"
9/26/2000,"1,427.21"
9/27/2000,"1,426.57"
9/28/2000,"1,458.29"
9/29/2000,"1,436.51"
10/2/2000,"1,436.23"
10/3/2000,"1,426.46"
10/4/2000,"1,434.32"
10/5/2000,"1,436.28"
10/6/2000,"1,408.99"
10/9/2000,"1,402.03"
10/10/2000,"1,387.02"
10/11/2000,"1,364.59"
10/12/2000,"1,329.78"
10/13/2000,"1,374.17"
10/16/2000,"1,374.62"
10/17/2000,"1,349.97"
10/18/2000,"1,342.13"
10/19/2000,"1,388.76"
10/20/2000,"1,396.93"
10/23/2000,"1,395.78"
10/24/2000,"1,398.13"
10/25/2000,"1,364.90"
10/26/2000,"1,364.44"
10/27/2000,"1,379.58"
10/30/2000,"1,398.66"
10/31/2000,"1,429.40"
11/1/2000,"1,421.22"
11/2/2000,"1,428.32"
11/3/2000,"1,426.69"
11/6/2000,"1,432.19"
11/7/2000,"1,431.87"
11/8/2000,"1,409.28"
11/9/2000,"1,400.14"
11/10/2000,"1,365.98"
11/13/2000,"1,351.26"
11/14/2000,"1,382.95"
11/15/2000,"1,389.81"
11/16/2000,"1,372.32"
11/17/2000,"1,367.72"
11/20/2000,"1,342.62"
11/21/2000,"1,347.35"
11/22/2000,"1,322.36"
11/24/2000,"1,341.77"
11/27/2000,"1,348.97"
11/28/2000,"1,336.09"
11/29/2000,"1,341.91"
11/30/2000,"1,314.95"
12/1/2000,"1,315.23"
12/4/2000,"1,324.97"
12/5/2000,"1,376.54"
12/6/2000,"1,351.46"
12/7/2000,"1,343.55"
12/8/2000,"1,369.89"
12/11/2000,"1,380.20"
12/12/2000,"1,371.18"
12/13/2000,"1,359.99"
12/14/2000,"1,340.93"
12/15/2000,"1,312.15"
12/18/2000,"1,322.74"
12/19/2000,"1,305.60"
12/20/2000,"1,264.74"
12/21/2000,"1,274.86"
12/22/2000,"1,305.97"
12/26/2000,"1,315.19"
12/27/2000,"1,328.92"
12/28/2000,"1,334.22"
12/29/2000,"1,320.28"
1/2/2001,"1,283.27"
1/3/2001,"1,347.56"
1/4/2001,"1,333.34"
1/5/2001,"1,298.35"
1/8/2001,"1,295.86"
1/9/2001,"1,300.80"
1/10/2001,"1,313.27"
1/11/2001,"1,326.82"
1/12/2001,"1,318.32"
1/16/2001,"1,326.65"
1/17/2001,"1,329.47"
1/18/2001,"1,347.97"
1/19/2001,"1,342.54"
1/22/2001,"1,342.90"
1/23/2001,"1,360.40"
1/24/2001,"1,364.30"
1/25/2001,"1,357.51"
1/26/2001,"1,354.95"
1/29/2001,"1,364.17"
1/30/2001,"1,373.73"
1/31/2001,"1,366.01"
2/1/2001,"1,373.47"
2/2/2001,"1,349.47"
2/5/2001,"1,354.31"
2/6/2001,"1,352.26"
2/7/2001,"1,340.89"
2/8/2001,"1,332.53"
2/9/2001,"1,314.76"
2/12/2001,"1,330.31"
2/13/2001,"1,318.80"
2/14/2001,"1,315.92"
2/15/2001,"1,326.61"
2/16/2001,"1,301.53"
2/20/2001,"1,278.94"
2/21/2001,"1,255.27"
2/22/2001,"1,252.82"
2/23/2001,"1,245.86"
2/26/2001,"1,267.65"
2/27/2001,"1,257.94"
2/28/2001,"1,239.94"
3/1/2001,"1,241.23"
3/2/2001,"1,234.18"
3/5/2001,"1,241.41"
3/6/2001,"1,253.80"
3/7/2001,"1,261.89"
3/8/2001,"1,264.74"
3/9/2001,"1,233.42"
3/12/2001,"1,180.16"
3/13/2001,"1,197.66"
3/14/2001,"1,166.71"
3/15/2001,"1,173.56"
3/16/2001,"1,150.53"
3/19/2001,"1,170.81"
3/20/2001,"1,142.62"
3/21/2001,"1,122.14"
3/22/2001,"1,117.58"
3/23/2001,"1,139.83"
3/26/2001,"1,152.69"
3/27/2001,"1,182.17"
3/28/2001,"1,153.29"
3/29/2001,"1,147.95"
3/30/2001,"1,160.33"
4/2/2001,"1,145.87"
4/3/2001,"1,106.46"
4/4/2001,"1,103.25"
4/5/2001,"1,151.44"
4/6/2001,"1,128.43"
4/9/2001,"1,137.59"
4/10/2001,"1,168.38"
4/11/2001,"1,165.89"
4/12/2001,"1,183.50"
4/16/2001,"1,179.68"
4/17/2001,"1,191.81"
4/18/2001,"1,238.16"
4/19/2001,"1,253.70"
4/20/2001,"1,242.98"
4/23/2001,"1,224.36"
4/24/2001,"1,209.47"
4/25/2001,"1,228.75"
4/26/2001,"1,234.52"
4/27/2001,"1,253.05"
4/30/2001,"1,249.46"
5/1/2001,"1,266.44"
5/2/2001,"1,267.43"
5/3/2001,"1,248.58"
5/4/2001,"1,266.61"
5/7/2001,"1,263.51"
5/8/2001,"1,261.20"
5/9/2001,"1,255.54"
5/10/2001,"1,255.18"
5/11/2001,"1,245.67"
5/14/2001,"1,248.92"
5/15/2001,"1,249.44"
5/16/2001,"1,284.99"
5/17/2001,"1,288.49"
5/18/2001,"1,291.96"
5/21/2001,"1,312.83"
5/22/2001,"1,309.38"
5/23/2001,"1,289.05"
5/24/2001,"1,293.17"
5/25/2001,"1,277.89"
5/29/2001,"1,267.93"
5/30/2001,"1,248.08"
5/31/2001,"1,255.82"
6/1/2001,"1,260.67"
6/4/2001,"1,267.11"
6/5/2001,"1,283.57"
6/6/2001,"1,270.03"
6/7/2001,"1,276.96"
6/8/2001,"1,264.96"
6/11/2001,"1,254.39"
6/12/2001,"1,255.85"
6/13/2001,"1,241.60"
6/14/2001,"1,219.87"
6/15/2001,"1,214.36"
6/18/2001,"1,208.43"
6/19/2001,"1,212.58"
6/20/2001,"1,223.14"
6/21/2001,"1,237.04"
6/22/2001,"1,225.35"
6/25/2001,"1,218.60"
6/26/2001,"1,216.76"
6/27/2001,"1,211.07"
6/28/2001,"1,226.20"
6/29/2001,"1,224.42"
7/2/2001,"1,236.72"
7/3/2001,"1,234.45"
7/5/2001,"1,219.24"
7/6/2001,"1,190.59"
7/9/2001,"1,198.78"
7/10/2001,"1,181.52"
7/11/2001,"1,180.18"
7/12/2001,"1,208.14"
7/13/2001,"1,215.68"
7/16/2001,"1,202.45"
7/17/2001,"1,214.44"
7/18/2001,"1,207.71"
7/19/2001,"1,215.02"
7/20/2001,"1,210.85"
7/23/2001,"1,191.03"
7/24/2001,"1,171.65"
7/25/2001,"1,190.49"
7/26/2001,"1,202.93"
7/27/2001,"1,205.82"
7/30/2001,"1,204.52"
7/31/2001,"1,211.23"
8/1/2001,"1,215.93"
8/2/2001,"1,220.75"
8/3/2001,"1,214.35"
8/6/2001,"1,200.48"
8/7/2001,"1,204.40"
8/8/2001,"1,183.53"
8/9/2001,"1,183.43"
8/10/2001,"1,190.16"
8/13/2001,"1,191.29"
8/14/2001,"1,186.73"
8/15/2001,"1,178.02"
8/16/2001,"1,181.66"
8/17/2001,"1,161.97"
8/20/2001,"1,171.41"
8/21/2001,"1,157.26"
8/22/2001,"1,165.31"
8/23/2001,"1,162.09"
8/24/2001,"1,184.93"
8/27/2001,"1,179.21"
8/28/2001,"1,161.51"
8/29/2001,"1,148.60"
8/30/2001,"1,129.03"
8/31/2001,"1,133.58"
9/4/2001,"1,132.94"
9/5/2001,"1,131.74"
9/6/2001,"1,106.40"
9/7/2001,"1,085.78"
9/10/2001,"1,092.54"
9/17/2001,"1,038.77"
9/18/2001,"1,032.74"
9/19/2001,"1,016.10"
9/20/2001,984.54
9/21/2001,965.8
9/24/2001,"1,003.45"
9/25/2001,"1,012.27"
9/26/2001,"1,007.04"
9/27/2001,"1,018.61"
9/28/2001,"1,040.94"
10/1/2001,"1,038.55"
10/2/2001,"1,051.33"
10/3/2001,"1,072.28"
10/4/2001,"1,069.63"
10/5/2001,"1,071.38"
10/8/2001,"1,062.44"
10/9/2001,"1,056.75"
10/10/2001,"1,080.99"
10/11/2001,"1,097.43"
10/12/2001,"1,091.65"
10/15/2001,"1,089.98"
10/16/2001,"1,097.54"
10/17/2001,"1,077.09"
10/18/2001,"1,068.61"
10/19/2001,"1,073.48"
10/22/2001,"1,089.90"
10/23/2001,"1,084.78"
10/24/2001,"1,085.20"
10/25/2001,"1,100.09"
10/26/2001,"1,104.61"
10/29/2001,"1,078.30"
10/30/2001,"1,059.79"
10/31/2001,"1,059.78"
11/1/2001,"1,084.10"
11/2/2001,"1,087.20"
11/5/2001,"1,102.84"
11/6/2001,"1,118.86"
11/7/2001,"1,115.80"
11/8/2001,"1,118.54"
11/9/2001,"1,120.31"
11/12/2001,"1,118.33"
11/13/2001,"1,139.09"
11/14/2001,"1,141.21"
11/15/2001,"1,142.24"
11/16/2001,"1,138.65"
11/19/2001,"1,151.06"
11/20/2001,"1,142.66"
11/21/2001,"1,137.03"
11/23/2001,"1,150.34"
11/26/2001,"1,157.42"
11/27/2001,"1,149.50"
11/28/2001,"1,128.52"
11/29/2001,"1,140.20"
11/30/2001,"1,139.45"
12/3/2001,"1,129.90"
12/4/2001,"1,144.80"
12/5/2001,"1,170.35"
12/6/2001,"1,167.10"
12/7/2001,"1,158.31"
12/10/2001,"1,139.93"
12/11/2001,"1,136.76"
12/12/2001,"1,137.07"
12/13/2001,"1,119.38"
12/14/2001,"1,123.09"
12/17/2001,"1,134.36"
12/18/2001,"1,142.92"
12/19/2001,"1,149.56"
12/20/2001,"1,139.93"
12/21/2001,"1,144.89"
12/24/2001,"1,144.65"
12/26/2001,"1,149.37"
12/27/2001,"1,157.13"
12/28/2001,"1,161.02"
12/31/2001,"1,148.08"
1/2/2002,"1,154.67"
1/3/2002,"1,165.27"
1/4/2002,"1,172.51"
1/7/2002,"1,164.89"
1/8/2002,"1,160.71"
1/9/2002,"1,155.14"
1/10/2002,"1,156.55"
1/11/2002,"1,145.60"
1/14/2002,"1,138.41"
1/15/2002,"1,146.19"
1/16/2002,"1,127.57"
1/17/2002,"1,138.88"
1/18/2002,"1,127.58"
1/22/2002,"1,119.31"
1/23/2002,"1,128.18"
1/24/2002,"1,132.15"
1/25/2002,"1,133.28"
1/28/2002,"1,133.06"
1/29/2002,"1,100.64"
1/30/2002,"1,113.57"
1/31/2002,"1,130.20"
2/1/2002,"1,122.20"
2/4/2002,"1,094.44"
2/5/2002,"1,090.02"
2/6/2002,"1,083.51"
2/7/2002,"1,080.17"
2/8/2002,"1,096.22"
2/11/2002,"1,111.94"
2/12/2002,"1,107.50"
2/13/2002,"1,118.51"
2/14/2002,"1,116.48"
2/15/2002,"1,104.18"
2/19/2002,"1,083.34"
2/20/2002,"1,097.98"
2/21/2002,"1,080.95"
2/22/2002,"1,089.84"
2/25/2002,"1,109.43"
2/26/2002,"1,109.38"
2/27/2002,"1,109.89"
2/28/2002,"1,106.73"
3/1/2002,"1,131.78"
3/4/2002,"1,153.84"
3/5/2002,"1,146.14"
3/6/2002,"1,162.77"
3/7/2002,"1,157.54"
3/8/2002,"1,164.31"
3/11/2002,"1,168.26"
3/12/2002,"1,165.58"
3/13/2002,"1,154.09"
3/14/2002,"1,153.04"
3/15/2002,"1,166.16"
3/18/2002,"1,165.55"
3/19/2002,"1,170.29"
3/20/2002,"1,151.85"
3/21/2002,"1,153.59"
3/22/2002,"1,148.70"
3/25/2002,"1,131.87"
3/26/2002,"1,138.49"
3/27/2002,"1,144.58"
3/28/2002,"1,147.39"
4/1/2002,"1,146.54"
4/2/2002,"1,136.76"
4/3/2002,"1,125.40"
4/4/2002,"1,126.34"
4/5/2002,"1,122.73"
4/8/2002,"1,125.29"
4/9/2002,"1,117.80"
4/10/2002,"1,130.47"
4/11/2002,"1,103.69"
4/12/2002,"1,111.01"
4/15/2002,"1,102.55"
4/16/2002,"1,128.37"
4/17/2002,"1,126.07"
4/18/2002,"1,124.47"
4/19/2002,"1,125.17"
4/22/2002,"1,107.83"
4/23/2002,"1,100.96"
4/24/2002,"1,093.14"
4/25/2002,"1,091.48"
4/26/2002,"1,076.32"
4/29/2002,"1,065.45"
4/30/2002,"1,076.92"
5/1/2002,"1,086.46"
5/2/2002,"1,084.56"
5/3/2002,"1,073.43"
5/6/2002,"1,052.67"
5/7/2002,"1,049.49"
5/8/2002,"1,088.85"
5/9/2002,"1,073.01"
5/10/2002,"1,054.99"
5/13/2002,"1,074.56"
5/14/2002,"1,097.28"
5/15/2002,"1,091.07"
5/16/2002,"1,098.23"
5/17/2002,"1,106.59"
5/20/2002,"1,091.88"
5/21/2002,"1,079.88"
5/22/2002,"1,086.02"
5/23/2002,"1,097.08"
5/24/2002,"1,083.82"
5/28/2002,"1,074.55"
5/29/2002,"1,067.66"
5/30/2002,"1,064.66"
5/31/2002,"1,067.14"
6/3/2002,"1,040.68"
6/4/2002,"1,040.69"
6/5/2002,"1,049.90"
6/6/2002,"1,029.15"
6/7/2002,"1,027.53"
6/10/2002,"1,030.74"
6/11/2002,"1,013.60"
6/12/2002,"1,020.26"
6/13/2002,"1,009.56"
6/14/2002,"1,007.27"
6/17/2002,"1,036.17"
6/18/2002,"1,037.14"
6/19/2002,"1,019.99"
6/20/2002,"1,006.29"
6/21/2002,989.14
6/24/2002,992.72
6/25/2002,976.14
6/26/2002,973.53
6/27/2002,990.64
6/28/2002,989.82
7/1/2002,968.65
7/2/2002,948.09
7/3/2002,953.99
7/5/2002,989.03
7/8/2002,976.98
7/9/2002,952.83
7/10/2002,920.47
7/11/2002,927.37
7/12/2002,921.39
7/15/2002,917.93
7/16/2002,901.054
7/17/2002,906.04
7/18/2002,881.56
7/19/2002,847.76
7/22/2002,819.85
7/23/2002,797.7
7/24/2002,843.42
7/25/2002,838.68
7/26/2002,852.84
7/29/2002,898.96
7/30/2002,902.78
7/31/2002,911.62
8/1/2002,884.66
8/2/2002,864.24
8/5/2002,834.6
8/6/2002,859.57
8/7/2002,876.77
8/8/2002,905.46
8/9/2002,908.64
8/12/2002,903.8
8/13/2002,884.21
8/14/2002,919.62
8/15/2002,930.25
8/16/2002,928.77
8/19/2002,950.7
8/20/2002,937.43
8/21/2002,949.36
8/22/2002,962.7
8/23/2002,940.86
8/26/2002,947.95
8/27/2002,934.82
8/28/2002,917.87
8/29/2002,917.8
8/30/2002,916.07
9/3/2002,878.02
9/4/2002,893.4
9/5/2002,879.15
9/6/2002,893.92
9/9/2002,902.96
9/10/2002,909.58
9/11/2002,909.45
9/12/2002,886.91
9/13/2002,889.81
9/16/2002,891.1
9/17/2002,873.52
9/18/2002,869.46
9/19/2002,843.32
9/20/2002,845.39
9/23/2002,833.7
9/24/2002,819.29
9/25/2002,839.66
9/26/2002,854.95
9/27/2002,827.37
9/30/2002,815.28
10/1/2002,847.91
10/2/2002,827.91
10/3/2002,818.95
10/4/2002,800.58
10/7/2002,785.28
10/8/2002,798.55
10/9/2002,776.76
10/10/2002,803.92
10/11/2002,835.32
10/14/2002,841.44
10/15/2002,881.27
10/16/2002,860.02
10/17/2002,879.2
10/18/2002,884.39
10/21/2002,899.72
10/22/2002,890.16
10/23/2002,896.14
10/24/2002,882.5
10/25/2002,897.65
10/28/2002,890.23
10/29/2002,882.15
10/30/2002,890.71
10/31/2002,885.76
11/1/2002,900.96
11/4/2002,908.35
11/5/2002,915.39
11/6/2002,923.76
11/7/2002,902.65
11/8/2002,894.74
11/11/2002,876.19
11/12/2002,882.95
11/13/2002,882.53
11/14/2002,904.27
11/15/2002,909.83
11/18/2002,900.36
11/19/2002,896.74
11/20/2002,914.15
11/21/2002,933.76
11/22/2002,930.55
11/25/2002,932.88
11/26/2002,913.31
11/27/2002,938.87
11/29/2002,936.31
12/2/2002,934.53
12/3/2002,920.75
12/4/2002,917.57
12/5/2002,906.55
12/6/2002,912.23
12/9/2002,892
12/10/2002,904.45
12/11/2002,904.96
12/12/2002,901.59
12/13/2002,889.48
12/16/2002,910.4
12/17/2002,902.99
12/18/2002,891.12
12/19/2002,884.25
12/20/2002,895.76
12/23/2002,897.38
12/24/2002,892.47
12/26/2002,889.66
12/27/2002,875.4
12/30/2002,879.39
12/31/2002,879.82
1/2/2003,909.03
1/3/2003,908.59
1/6/2003,929.01
1/7/2003,922.93
1/8/2003,909.93
1/9/2003,927.57
1/10/2003,927.57
1/13/2003,926.26
1/14/2003,931.66
1/15/2003,918.22
1/16/2003,914.6
1/17/2003,901.78
1/21/2003,887.62
1/22/2003,878.36
1/23/2003,887.34
1/24/2003,861.4
1/27/2003,847.48
1/28/2003,858.54
1/29/2003,864.36
1/30/2003,844.61
1/31/2003,855.7
2/3/2003,860.32
2/4/2003,848.2
2/5/2003,843.59
2/6/2003,838.15
2/7/2003,829.69
2/10/2003,835.97
2/11/2003,829.2
2/12/2003,818.68
2/13/2003,817.37
2/14/2003,834.89
2/18/2003,851.17
2/19/2003,845.13
2/20/2003,837.1
2/21/2003,848.17
2/24/2003,832.58
2/25/2003,838.57
2/26/2003,827.55
2/27/2003,837.28
2/28/2003,841.15
3/3/2003,834.81
3/4/2003,821.99
3/5/2003,829.85
3/6/2003,822.1
3/7/2003,828.89
3/10/2003,807.48
3/11/2003,800.73
3/12/2003,804.19
3/13/2003,831.9
3/14/2003,833.27
3/17/2003,862.79
3/18/2003,866.45
3/19/2003,874.02
3/20/2003,875.84
3/21/2003,895.79
3/24/2003,864.23
3/25/2003,874.74
3/26/2003,869.95
3/27/2003,868.52
3/28/2003,863.5
3/31/2003,848.18
4/1/2003,858.48
4/2/2003,880.9
4/3/2003,876.45
4/4/2003,878.85
4/7/2003,879.93
4/8/2003,878.29
4/9/2003,865.99
4/10/2003,871.58
4/11/2003,868.3
4/14/2003,885.23
4/15/2003,890.81
4/16/2003,879.91
4/17/2003,893.58
4/21/2003,892.01
4/22/2003,911.37
4/23/2003,919.02
4/24/2003,911.43
4/25/2003,898.81
4/28/2003,914.84
4/29/2003,917.84
4/30/2003,916.92
5/1/2003,916.3
5/2/2003,930.08
5/5/2003,926.55
5/6/2003,934.39
5/7/2003,929.62
5/8/2003,920.27
5/9/2003,933.41
5/12/2003,945.11
5/13/2003,942.3
5/14/2003,939.28
5/15/2003,946.67
5/16/2003,944.3
5/19/2003,920.77
5/20/2003,919.73
5/21/2003,923.42
5/22/2003,931.87
5/23/2003,933.22
5/27/2003,951.48
5/28/2003,953.22
5/29/2003,949.64
5/30/2003,963.59
6/2/2003,967
6/3/2003,971.56
6/4/2003,986.24
6/5/2003,990.14
6/6/2003,987.76
6/9/2003,975.93
6/10/2003,984.84
6/11/2003,997.48
6/12/2003,998.51
6/13/2003,988.61
6/16/2003,"1,010.74"
6/17/2003,"1,011.66"
6/18/2003,"1,010.09"
6/19/2003,994.7
6/20/2003,995.69
6/23/2003,981.64
6/24/2003,983.45
6/25/2003,975.32
6/26/2003,985.82
6/27/2003,976.22
6/30/2003,974.5
7/1/2003,982.32
7/2/2003,993.75
7/3/2003,985.7
7/7/2003,"1,004.42"
7/8/2003,"1,007.84"
7/9/2003,"1,002.21"
7/10/2003,988.7
7/11/2003,998.14
7/14/2003,"1,003.86"
7/15/2003,"1,000.42"
7/16/2003,994
7/17/2003,981.73
7/18/2003,993.32
7/21/2003,978.8
7/22/2003,988.11
7/23/2003,988.61
7/24/2003,981.6
7/25/2003,998.68
7/28/2003,996.52
7/29/2003,989.28
7/30/2003,987.49
7/31/2003,990.31
8/1/2003,980.15
8/4/2003,982.82
8/5/2003,965.46
8/6/2003,967.08
8/7/2003,974.12
8/8/2003,977.59
8/11/2003,980.59
8/12/2003,990.35
8/13/2003,984.03
8/14/2003,990.51
8/15/2003,990.67
8/18/2003,999.74
8/19/2003,"1,002.35"
8/20/2003,"1,000.30"
8/21/2003,"1,003.27"
8/22/2003,993.06
8/25/2003,993.71
8/26/2003,996.73
8/27/2003,996.79
8/28/2003,"1,002.84"
8/29/2003,"1,008.01"
9/2/2003,"1,021.99"
9/3/2003,"1,026.27"
9/4/2003,"1,027.97"
9/5/2003,"1,021.39"
9/8/2003,"1,031.64"
9/9/2003,"1,023.17"
9/10/2003,"1,010.92"
9/11/2003,"1,016.42"
9/12/2003,"1,018.63"
9/15/2003,"1,014.81"
9/16/2003,"1,029.32"
9/17/2003,"1,025.97"
9/18/2003,"1,039.58"
9/19/2003,"1,036.30"
9/22/2003,"1,022.82"
9/23/2003,"1,029.03"
9/24/2003,"1,009.38"
9/25/2003,"1,003.27"
9/26/2003,996.85
9/29/2003,"1,006.58"
9/30/2003,995.97
10/1/2003,"1,018.22"
10/2/2003,"1,020.24"
10/3/2003,"1,029.85"
10/6/2003,"1,034.35"
10/7/2003,"1,039.25"
10/8/2003,"1,033.78"
10/9/2003,"1,038.73"
10/10/2003,"1,038.06"
10/13/2003,"1,045.35"
10/14/2003,"1,049.48"
10/15/2003,"1,046.76"
10/16/2003,"1,050.07"
10/17/2003,"1,039.32"
10/20/2003,"1,044.68"
10/21/2003,"1,046.03"
10/22/2003,"1,030.36"
10/23/2003,"1,033.77"
10/24/2003,"1,028.91"
10/27/2003,"1,031.13"
10/28/2003,"1,046.79"
10/29/2003,"1,048.11"
10/30/2003,"1,046.94"
10/31/2003,"1,050.71"
11/3/2003,"1,059.02"
11/4/2003,"1,053.25"
11/5/2003,"1,051.81"
11/6/2003,"1,058.05"
11/7/2003,"1,053.21"
11/10/2003,"1,047.11"
11/11/2003,"1,046.57"
11/12/2003,"1,058.56"
11/13/2003,"1,058.41"
11/14/2003,"1,050.35"
11/17/2003,"1,043.63"
11/18/2003,"1,034.15"
11/19/2003,"1,042.44"
11/20/2003,"1,033.65"
11/21/2003,"1,035.28"
11/24/2003,"1,052.08"
11/25/2003,"1,053.89"
11/26/2003,"1,058.45"
11/28/2003,"1,058.20"
12/1/2003,"1,070.12"
12/2/2003,"1,066.62"
12/3/2003,"1,064.73"
12/4/2003,"1,069.72"
12/5/2003,"1,061.50"
12/8/2003,"1,069.30"
12/9/2003,"1,060.18"
12/10/2003,"1,059.05"
12/11/2003,"1,071.21"
12/12/2003,"1,074.14"
12/15/2003,"1,068.04"
12/16/2003,"1,075.13"
12/17/2003,"1,076.48"
12/18/2003,"1,089.18"
12/19/2003,"1,088.66"
12/22/2003,"1,092.94"
12/23/2003,"1,096.02"
12/24/2003,"1,094.04"
12/26/2003,"1,095.89"
12/29/2003,"1,109.48"
12/30/2003,"1,109.64"
12/31/2003,"1,111.92"
1/2/2004,"1,108.48"
1/5/2004,"1,122.22"
1/6/2004,"1,123.67"
1/7/2004,"1,126.33"
1/8/2004,"1,131.92"
1/9/2004,"1,121.86"
1/12/2004,"1,127.23"
1/13/2004,"1,121.22"
1/14/2004,"1,130.52"
1/15/2004,"1,132.05"
1/16/2004,"1,139.83"
1/20/2004,"1,138.77"
1/21/2004,"1,147.62"
1/22/2004,"1,143.94"
1/23/2004,"1,141.55"
1/26/2004,"1,155.37"
1/27/2004,"1,144.05"
1/28/2004,"1,128.48"
1/29/2004,"1,134.11"
1/30/2004,"1,131.13"
2/2/2004,"1,135.26"
2/3/2004,"1,136.03"
2/4/2004,"1,126.52"
2/5/2004,"1,128.59"
2/6/2004,"1,142.76"
2/9/2004,"1,139.81"
2/10/2004,"1,145.54"
2/11/2004,"1,157.76"
2/12/2004,"1,152.11"
2/13/2004,"1,145.81"
2/17/2004,"1,156.99"
2/18/2004,"1,151.82"
2/19/2004,"1,147.06"
2/20/2004,"1,144.11"
2/23/2004,"1,140.99"
2/24/2004,"1,139.09"
2/25/2004,"1,143.67"
2/26/2004,"1,144.91"
2/27/2004,"1,144.94"
3/1/2004,"1,155.97"
3/2/2004,"1,149.10"
3/3/2004,"1,151.03"
3/4/2004,"1,154.87"
3/5/2004,"1,156.86"
3/8/2004,"1,147.20"
3/9/2004,"1,140.58"
3/10/2004,"1,123.89"
3/11/2004,"1,106.78"
3/12/2004,"1,120.57"
3/15/2004,"1,104.49"
3/16/2004,"1,110.70"
3/17/2004,"1,123.75"
3/18/2004,"1,122.32"
3/19/2004,"1,109.78"
3/22/2004,"1,095.40"
3/23/2004,"1,093.95"
3/24/2004,"1,091.33"
3/25/2004,"1,109.19"
3/26/2004,"1,108.06"
3/29/2004,"1,122.47"
3/30/2004,"1,127.00"
3/31/2004,"1,126.21"
4/1/2004,"1,132.17"
4/2/2004,"1,141.81"
4/5/2004,"1,150.57"
4/6/2004,"1,148.16"
4/7/2004,"1,140.53"
4/8/2004,"1,139.32"
4/12/2004,"1,145.20"
4/13/2004,"1,129.44"
4/14/2004,"1,128.17"
4/15/2004,"1,128.84"
4/16/2004,"1,134.61"
4/19/2004,"1,135.82"
4/20/2004,"1,118.15"
4/21/2004,"1,124.09"
4/22/2004,"1,139.93"
4/23/2004,"1,140.60"
4/26/2004,"1,135.53"
4/27/2004,"1,138.11"
4/28/2004,"1,122.41"
4/29/2004,"1,113.89"
4/30/2004,"1,107.30"
5/3/2004,"1,117.49"
5/4/2004,"1,119.55"
5/5/2004,"1,121.53"
5/6/2004,"1,113.99"
5/7/2004,"1,098.70"
5/10/2004,"1,087.12"
5/11/2004,"1,095.45"
5/12/2004,"1,097.28"
5/13/2004,"1,096.44"
5/14/2004,"1,095.70"
5/17/2004,"1,084.10"
5/18/2004,"1,091.49"
5/19/2004,"1,088.68"
5/20/2004,"1,089.19"
5/21/2004,"1,093.56"
5/24/2004,"1,095.41"
5/25/2004,"1,113.05"
5/26/2004,"1,114.94"
5/27/2004,"1,121.28"
5/28/2004,"1,120.68"
6/1/2004,"1,121.20"
6/2/2004,"1,124.99"
6/3/2004,"1,116.64"
6/4/2004,"1,122.50"
6/7/2004,"1,140.42"
6/8/2004,"1,142.18"
6/9/2004,"1,131.33"
6/10/2004,"1,136.47"
6/14/2004,"1,125.29"
6/15/2004,"1,132.01"
6/16/2004,"1,133.56"
6/17/2004,"1,132.05"
6/18/2004,"1,135.02"
6/21/2004,"1,130.30"
6/22/2004,"1,134.41"
6/23/2004,"1,144.06"
6/24/2004,"1,140.65"
6/25/2004,"1,134.43"
6/28/2004,"1,133.35"
6/29/2004,"1,136.20"
6/30/2004,"1,140.84"
7/1/2004,"1,128.94"
7/2/2004,"1,125.38"
7/6/2004,"1,116.21"
7/7/2004,"1,118.33"
7/8/2004,"1,109.11"
7/9/2004,"1,112.81"
7/12/2004,"1,114.35"
7/13/2004,"1,115.14"
7/14/2004,"1,111.47"
7/15/2004,"1,106.69"
7/16/2004,"1,101.39"
7/19/2004,"1,100.90"
7/20/2004,"1,108.67"
7/21/2004,"1,093.88"
7/22/2004,"1,096.84"
7/23/2004,"1,086.20"
7/26/2004,"1,084.07"
7/27/2004,"1,094.83"
7/28/2004,"1,095.42"
7/29/2004,"1,100.43"
7/30/2004,"1,101.72"
8/2/2004,"1,106.62"
8/3/2004,"1,099.69"
8/4/2004,"1,098.63"
8/5/2004,"1,080.70"
8/6/2004,"1,063.97"
8/9/2004,"1,065.22"
8/10/2004,"1,079.04"
8/11/2004,"1,075.79"
8/12/2004,"1,063.23"
8/13/2004,"1,064.80"
8/16/2004,"1,079.34"
8/17/2004,"1,081.71"
8/18/2004,"1,095.17"
8/19/2004,"1,091.23"
8/20/2004,"1,098.35"
8/23/2004,"1,095.68"
8/24/2004,"1,096.19"
8/25/2004,"1,104.96"
8/26/2004,"1,105.09"
8/27/2004,"1,107.77"
8/30/2004,"1,099.15"
8/31/2004,"1,104.24"
9/1/2004,"1,105.91"
9/2/2004,"1,118.31"
9/3/2004,"1,113.63"
9/7/2004,"1,121.30"
9/8/2004,"1,116.27"
9/9/2004,"1,118.38"
9/10/2004,"1,123.92"
9/13/2004,"1,125.82"
9/14/2004,"1,128.33"
9/15/2004,"1,120.37"
9/16/2004,"1,123.50"
9/17/2004,"1,128.55"
9/20/2004,"1,122.20"
9/21/2004,"1,129.30"
9/22/2004,"1,113.56"
9/23/2004,"1,108.36"
9/24/2004,"1,110.11"
9/27/2004,"1,103.52"
9/28/2004,"1,110.06"
9/29/2004,"1,114.80"
9/30/2004,"1,114.58"
10/1/2004,"1,131.50"
10/4/2004,"1,135.17"
10/5/2004,"1,134.48"
10/6/2004,"1,142.05"
10/7/2004,"1,130.65"
10/8/2004,"1,122.14"
10/11/2004,"1,124.39"
10/12/2004,"1,121.84"
10/13/2004,"1,113.65"
10/14/2004,"1,103.29"
10/15/2004,"1,108.20"
10/18/2004,"1,114.02"
10/19/2004,"1,103.23"
10/20/2004,"1,103.66"
10/21/2004,"1,106.49"
10/22/2004,"1,095.74"
10/25/2004,"1,094.81"
10/26/2004,"1,111.09"
10/27/2004,"1,125.40"
10/28/2004,"1,127.44"
10/29/2004,"1,130.20"
11/1/2004,"1,130.51"
11/2/2004,"1,130.56"
11/3/2004,"1,143.20"
11/4/2004,"1,161.67"
11/5/2004,"1,166.17"
11/8/2004,"1,164.89"
11/9/2004,"1,164.08"
11/10/2004,"1,162.91"
11/11/2004,"1,173.48"
11/12/2004,"1,184.17"
11/15/2004,"1,183.81"
11/16/2004,"1,175.43"
11/17/2004,"1,181.94"
11/18/2004,"1,183.55"
11/19/2004,"1,170.34"
11/22/2004,"1,177.24"
11/23/2004,"1,176.94"
11/24/2004,"1,181.76"
11/26/2004,"1,182.65"
11/29/2004,"1,178.57"
11/30/2004,"1,173.82"
12/1/2004,"1,191.37"
12/2/2004,"1,190.33"
12/3/2004,"1,191.17"
12/6/2004,"1,190.25"
12/7/2004,"1,177.07"
12/8/2004,"1,182.81"
12/9/2004,"1,189.24"
12/10/2004,"1,188.00"
12/13/2004,"1,198.68"
12/14/2004,"1,203.38"
12/15/2004,"1,205.72"
12/16/2004,"1,203.21"
12/17/2004,"1,194.20"
12/20/2004,"1,194.65"
12/21/2004,"1,205.45"
12/22/2004,"1,209.57"
12/23/2004,"1,210.13"
12/27/2004,"1,204.92"
12/28/2004,"1,213.54"
12/29/2004,"1,213.45"
12/30/2004,"1,213.55"
12/31/2004,"1,211.92"
1/3/2005,"1,202.08"
1/4/2005,"1,188.05"
1/5/2005,"1,183.74"
1/6/2005,"1,187.89"
1/7/2005,"1,186.19"
1/10/2005,"1,190.25"
1/11/2005,"1,182.99"
1/12/2005,"1,187.70"
1/13/2005,"1,177.45"
1/14/2005,"1,184.52"
1/18/2005,"1,195.98"
1/19/2005,"1,184.63"
1/20/2005,"1,175.41"
1/21/2005,"1,167.87"
1/24/2005,"1,163.75"
1/25/2005,"1,168.41"
1/26/2005,"1,174.07"
1/27/2005,"1,174.55"
1/28/2005,"1,171.36"
1/31/2005,"1,181.27"
2/1/2005,"1,189.41"
2/2/2005,"1,193.19"
2/3/2005,"1,189.89"
2/4/2005,"1,203.03"
2/7/2005,"1,201.72"
2/8/2005,"1,202.30"
2/9/2005,"1,191.99"
2/10/2005,"1,197.01"
2/11/2005,"1,205.30"
2/14/2005,"1,206.14"
2/15/2005,"1,210.12"
2/16/2005,"1,210.34"
2/17/2005,"1,200.75"
2/18/2005,"1,201.59"
2/22/2005,"1,184.16"
2/23/2005,"1,190.80"
2/24/2005,"1,200.20"
2/25/2005,"1,211.37"
2/28/2005,"1,203.60"
3/1/2005,"1,210.41"
3/2/2005,"1,210.08"
3/3/2005,"1,210.47"
3/4/2005,"1,222.12"
3/7/2005,"1,225.31"
3/8/2005,"1,219.43"
3/9/2005,"1,207.01"
3/10/2005,"1,209.25"
3/11/2005,"1,200.08"
3/14/2005,"1,206.83"
3/15/2005,"1,197.75"
3/16/2005,"1,188.07"
3/17/2005,"1,190.21"
3/18/2005,"1,189.65"
3/21/2005,"1,183.78"
3/22/2005,"1,171.71"
3/23/2005,"1,172.53"
3/24/2005,"1,171.42"
3/28/2005,"1,174.28"
3/29/2005,"1,165.36"
3/30/2005,"1,181.41"
3/31/2005,"1,180.59"
4/1/2005,"1,172.92"
4/4/2005,"1,176.12"
4/5/2005,"1,181.39"
4/6/2005,"1,184.07"
4/7/2005,"1,191.14"
4/8/2005,"1,181.20"
4/11/2005,"1,181.21"
4/12/2005,"1,187.76"
4/13/2005,"1,173.79"
4/14/2005,"1,162.05"
4/15/2005,"1,142.62"
4/18/2005,"1,145.98"
4/19/2005,"1,152.78"
4/20/2005,"1,137.50"
4/21/2005,"1,159.95"
4/22/2005,"1,152.12"
4/25/2005,"1,162.10"
4/26/2005,"1,151.74"
4/27/2005,"1,156.38"
4/28/2005,"1,143.22"
4/29/2005,"1,156.85"
5/2/2005,"1,162.16"
5/3/2005,"1,161.17"
5/4/2005,"1,175.65"
5/5/2005,"1,172.63"
5/6/2005,"1,171.35"
5/9/2005,"1,178.84"
5/10/2005,"1,166.22"
5/11/2005,"1,171.11"
5/12/2005,"1,159.36"
5/13/2005,"1,154.05"
5/16/2005,"1,165.69"
5/17/2005,"1,173.80"
5/18/2005,"1,185.56"
5/19/2005,"1,191.08"
5/20/2005,"1,189.28"
5/23/2005,"1,193.86"
5/24/2005,"1,194.07"
5/25/2005,"1,190.01"
5/26/2005,"1,197.62"
5/27/2005,"1,198.78"
5/31/2005,"1,191.50"
6/1/2005,"1,202.27"
6/2/2005,"1,204.29"
6/3/2005,"1,196.02"
6/6/2005,"1,197.51"
6/7/2005,"1,197.26"
6/8/2005,"1,194.67"
6/9/2005,"1,200.93"
6/10/2005,"1,198.11"
6/13/2005,"1,200.82"
6/14/2005,"1,203.91"
6/15/2005,"1,206.58"
6/16/2005,"1,210.96"
6/17/2005,"1,216.96"
6/20/2005,"1,216.10"
6/21/2005,"1,213.61"
6/22/2005,"1,213.88"
6/23/2005,"1,200.73"
6/24/2005,"1,191.57"
6/27/2005,"1,190.69"
6/28/2005,"1,201.57"
6/29/2005,"1,199.85"
6/30/2005,"1,191.33"
7/1/2005,"1,194.44"
7/5/2005,"1,204.99"
7/6/2005,"1,194.94"
7/7/2005,"1,197.87"
7/8/2005,"1,211.86"
7/11/2005,"1,219.44"
7/12/2005,"1,222.21"
7/13/2005,"1,223.29"
7/14/2005,"1,226.50"
7/15/2005,"1,227.92"
7/18/2005,"1,221.13"
7/19/2005,"1,229.35"
7/20/2005,"1,235.20"
7/21/2005,"1,227.04"
7/22/2005,"1,233.68"
7/25/2005,"1,229.03"
7/26/2005,"1,231.16"
7/27/2005,"1,236.79"
7/28/2005,"1,243.72"
7/29/2005,"1,234.18"
8/1/2005,"1,235.35"
8/2/2005,"1,244.12"
8/3/2005,"1,245.04"
8/4/2005,"1,235.86"
8/5/2005,"1,226.42"
8/8/2005,"1,223.13"
8/9/2005,"1,231.38"
8/10/2005,"1,229.13"
8/11/2005,"1,237.81"
8/12/2005,"1,230.39"
8/15/2005,"1,233.87"
8/16/2005,"1,219.34"
8/17/2005,"1,220.24"
8/18/2005,"1,219.02"
8/19/2005,"1,219.71"
8/22/2005,"1,221.73"
8/23/2005,"1,217.59"
8/24/2005,"1,209.59"
8/25/2005,"1,212.37"
8/26/2005,"1,205.10"
8/29/2005,"1,212.28"
8/30/2005,"1,208.41"
8/31/2005,"1,220.33"
9/1/2005,"1,221.59"
9/2/2005,"1,218.02"
9/6/2005,"1,233.39"
9/7/2005,"1,236.36"
9/8/2005,"1,231.67"
9/9/2005,"1,241.48"
9/12/2005,"1,240.56"
9/13/2005,"1,231.20"
9/14/2005,"1,227.16"
9/15/2005,"1,227.73"
9/16/2005,"1,237.91"
9/19/2005,"1,231.02"
9/20/2005,"1,221.34"
9/21/2005,"1,210.20"
9/22/2005,"1,214.62"
9/23/2005,"1,215.29"
9/26/2005,"1,215.63"
9/27/2005,"1,215.66"
9/28/2005,"1,216.89"
9/29/2005,"1,227.68"
9/30/2005,"1,228.81"
10/3/2005,"1,226.70"
10/4/2005,"1,214.47"
10/5/2005,"1,196.39"
10/6/2005,"1,191.49"
10/7/2005,"1,195.90"
10/10/2005,"1,187.33"
10/11/2005,"1,184.87"
10/12/2005,"1,177.68"
10/13/2005,"1,176.84"
10/14/2005,"1,186.57"
10/17/2005,"1,190.10"
10/18/2005,"1,178.14"
10/19/2005,"1,195.76"
10/20/2005,"1,177.80"
10/21/2005,"1,179.59"
10/24/2005,"1,199.38"
10/25/2005,"1,196.54"
10/26/2005,"1,191.38"
10/27/2005,"1,178.90"
10/28/2005,"1,198.41"
10/31/2005,"1,207.01"
11/1/2005,"1,202.76"
11/2/2005,"1,214.76"
11/3/2005,"1,219.94"
11/4/2005,"1,220.14"
11/7/2005,"1,222.81"
11/8/2005,"1,218.59"
11/9/2005,"1,220.65"
11/10/2005,"1,230.96"
11/11/2005,"1,234.72"
11/14/2005,"1,233.71"
11/15/2005,"1,229.01"
11/16/2005,"1,231.21"
11/17/2005,"1,242.80"
11/18/2005,"1,248.27"
11/21/2005,"1,254.85"
11/22/2005,"1,261.23"
11/23/2005,"1,265.61"
11/25/2005,"1,268.25"
11/28/2005,"1,257.46"
11/29/2005,"1,257.48"
11/30/2005,"1,249.48"
12/1/2005,"1,264.67"
12/2/2005,"1,265.08"
12/5/2005,"1,262.09"
12/6/2005,"1,263.70"
12/7/2005,"1,257.37"
12/8/2005,"1,255.84"
12/9/2005,"1,259.37"
12/12/2005,"1,260.43"
12/13/2005,"1,267.43"
12/14/2005,"1,272.74"
12/15/2005,"1,270.94"
12/16/2005,"1,267.32"
12/19/2005,"1,259.92"
12/20/2005,"1,259.62"
12/21/2005,"1,262.79"
12/22/2005,"1,268.12"
12/23/2005,"1,268.66"
12/27/2005,"1,256.54"
12/28/2005,"1,258.17"
12/29/2005,"1,254.42"
12/30/2005,"1,248.29"
1/3/2006,"1,268.80"
1/4/2006,"1,273.46"
1/5/2006,"1,273.48"
1/6/2006,"1,285.45"
1/9/2006,"1,290.15"
1/10/2006,"1,289.69"
1/11/2006,"1,294.18"
1/12/2006,"1,286.06"
1/13/2006,"1,287.61"
1/17/2006,"1,282.93"
1/18/2006,"1,277.93"
1/19/2006,"1,285.04"
1/20/2006,"1,261.49"
1/23/2006,"1,263.82"
1/24/2006,"1,266.86"
1/25/2006,"1,264.68"
1/26/2006,"1,273.83"
1/27/2006,"1,283.72"
1/30/2006,"1,285.20"
1/31/2006,"1,280.08"
2/1/2006,"1,282.46"
2/2/2006,"1,270.84"
2/3/2006,"1,264.03"
2/6/2006,"1,265.02"
2/7/2006,"1,254.78"
2/8/2006,"1,265.65"
2/9/2006,"1,263.78"
2/10/2006,"1,266.99"
2/13/2006,"1,262.86"
2/14/2006,"1,275.53"
2/15/2006,"1,280.00"
2/16/2006,"1,289.38"
2/17/2006,"1,287.24"
2/21/2006,"1,283.04"
2/22/2006,"1,292.67"
2/23/2006,"1,287.79"
2/24/2006,"1,289.43"
2/27/2006,"1,294.12"
2/28/2006,"1,280.66"
3/1/2006,"1,291.24"
3/2/2006,"1,289.14"
3/3/2006,"1,287.23"
3/6/2006,"1,278.26"
3/7/2006,"1,275.88"
3/8/2006,"1,278.47"
3/9/2006,"1,272.23"
3/10/2006,"1,281.58"
3/13/2006,"1,284.13"
3/14/2006,"1,297.48"
3/15/2006,"1,303.02"
3/16/2006,"1,305.33"
3/17/2006,"1,307.25"
3/20/2006,"1,305.08"
3/21/2006,"1,297.23"
3/22/2006,"1,305.04"
3/23/2006,"1,301.67"
3/24/2006,"1,302.95"
3/27/2006,"1,301.61"
3/28/2006,"1,293.23"
3/29/2006,"1,302.89"
3/30/2006,"1,300.25"
3/31/2006,"1,294.83"
4/3/2006,"1,297.81"
4/4/2006,"1,305.93"
4/5/2006,"1,311.56"
4/6/2006,"1,309.04"
4/7/2006,"1,295.50"
4/10/2006,"1,296.62"
4/11/2006,"1,286.57"
4/12/2006,"1,288.12"
4/13/2006,"1,289.12"
4/17/2006,"1,285.33"
4/18/2006,"1,307.65"
4/19/2006,"1,309.93"
4/20/2006,"1,311.46"
4/21/2006,"1,311.28"
4/24/2006,"1,308.11"
4/25/2006,"1,301.74"
4/26/2006,"1,305.41"
4/27/2006,"1,309.72"
4/28/2006,"1,310.61"
5/1/2006,"1,305.19"
5/2/2006,"1,313.21"
5/3/2006,"1,307.85"
5/4/2006,"1,312.25"
5/5/2006,"1,325.76"
5/8/2006,"1,324.66"
5/9/2006,"1,325.14"
5/10/2006,"1,322.85"
5/11/2006,"1,305.92"
5/12/2006,"1,291.24"
5/15/2006,"1,294.50"
5/16/2006,"1,292.08"
5/17/2006,"1,270.32"
5/18/2006,"1,261.81"
5/19/2006,"1,267.03"
5/22/2006,"1,262.07"
5/23/2006,"1,256.58"
5/24/2006,"1,258.57"
5/25/2006,"1,272.88"
5/26/2006,"1,280.16"
5/30/2006,"1,259.84"
5/31/2006,"1,270.09"
6/1/2006,"1,285.71"
6/2/2006,"1,288.22"
6/5/2006,"1,265.29"
6/6/2006,"1,263.85"
6/7/2006,"1,256.15"
6/8/2006,"1,257.93"
6/9/2006,"1,252.30"
6/12/2006,"1,236.40"
6/13/2006,"1,223.69"
6/14/2006,"1,230.04"
6/15/2006,"1,256.16"
6/16/2006,"1,251.54"
6/19/2006,"1,240.14"
6/20/2006,"1,240.12"
6/21/2006,"1,252.20"
6/22/2006,"1,245.60"
6/23/2006,"1,244.50"
6/26/2006,"1,250.56"
6/27/2006,"1,239.20"
6/28/2006,"1,246.00"
6/29/2006,"1,272.87"
6/30/2006,"1,270.20"
7/3/2006,"1,280.19"
7/5/2006,"1,270.91"
7/6/2006,"1,274.08"
7/7/2006,"1,265.48"
7/10/2006,"1,267.34"
7/11/2006,"1,272.52"
7/12/2006,"1,258.60"
7/13/2006,"1,242.29"
7/14/2006,"1,236.20"
7/17/2006,"1,234.49"
7/18/2006,"1,236.86"
7/19/2006,"1,259.81"
7/20/2006,"1,249.13"
7/21/2006,"1,240.29"
7/24/2006,"1,260.91"
7/25/2006,"1,268.88"
7/26/2006,"1,268.40"
7/27/2006,"1,263.20"
7/28/2006,"1,278.55"
7/31/2006,"1,276.66"
8/1/2006,"1,270.92"
8/2/2006,"1,278.55"
8/3/2006,"1,280.27"
8/4/2006,"1,279.36"
8/7/2006,"1,275.77"
8/8/2006,"1,271.48"
8/9/2006,"1,265.95"
8/10/2006,"1,271.81"
8/11/2006,"1,266.74"
8/14/2006,"1,268.21"
8/15/2006,"1,285.58"
8/16/2006,"1,295.43"
8/17/2006,"1,297.48"
8/18/2006,"1,302.30"
8/21/2006,"1,297.52"
8/22/2006,"1,298.82"
8/23/2006,"1,292.99"
8/24/2006,"1,296.06"
8/25/2006,"1,295.09"
8/28/2006,"1,301.78"
8/29/2006,"1,304.28"
8/30/2006,"1,304.27"
8/31/2006,"1,303.82"
9/1/2006,"1,311.01"
9/5/2006,"1,313.25"
9/6/2006,"1,300.26"
9/7/2006,"1,294.02"
9/8/2006,"1,298.92"
9/11/2006,"1,299.54"
9/12/2006,"1,313.11"
9/13/2006,"1,318.07"
9/14/2006,"1,316.28"
9/15/2006,"1,319.87"
9/18/2006,"1,321.18"
9/19/2006,"1,318.31"
9/20/2006,"1,325.18"
9/21/2006,"1,318.03"
9/22/2006,"1,314.78"
9/25/2006,"1,326.37"
9/26/2006,"1,336.34"
9/27/2006,"1,336.59"
9/28/2006,"1,339.15"
9/29/2006,"1,335.85"
10/2/2006,"1,331.32"
10/3/2006,"1,334.11"
10/4/2006,"1,350.22"
10/5/2006,"1,353.22"
10/6/2006,"1,349.58"
10/9/2006,"1,350.66"
10/10/2006,"1,353.42"
10/11/2006,"1,349.95"
10/12/2006,"1,362.83"
10/13/2006,"1,365.62"
10/16/2006,"1,369.05"
10/17/2006,"1,364.05"
10/18/2006,"1,365.96"
10/19/2006,"1,366.96"
10/20/2006,"1,368.60"
10/23/2006,"1,377.02"
10/24/2006,"1,377.38"
10/25/2006,"1,382.22"
10/26/2006,"1,389.08"
10/27/2006,"1,377.34"
10/30/2006,"1,377.93"
10/31/2006,"1,377.94"
11/1/2006,"1,367.81"
11/2/2006,"1,367.34"
11/3/2006,"1,364.30"
11/6/2006,"1,379.78"
11/7/2006,"1,382.84"
11/8/2006,"1,385.72"
11/9/2006,"1,378.33"
11/10/2006,"1,380.90"
11/13/2006,"1,384.42"
11/14/2006,"1,393.22"
11/15/2006,"1,396.57"
11/16/2006,"1,399.76"
11/17/2006,"1,401.20"
11/20/2006,"1,400.50"
11/21/2006,"1,402.81"
11/22/2006,"1,406.09"
11/24/2006,"1,400.95"
11/27/2006,"1,381.90"
11/28/2006,"1,386.72"
11/29/2006,"1,399.48"
11/30/2006,"1,400.63"
12/1/2006,"1,396.71"
12/4/2006,"1,409.12"
12/5/2006,"1,414.76"
12/6/2006,"1,412.90"
12/7/2006,"1,407.29"
12/8/2006,"1,409.84"
12/11/2006,"1,413.04"
12/12/2006,"1,411.56"
12/13/2006,"1,413.21"
12/14/2006,"1,425.49"
12/15/2006,"1,427.09"
12/18/2006,"1,422.48"
12/19/2006,"1,425.55"
12/20/2006,"1,423.53"
12/21/2006,"1,418.30"
12/22/2006,"1,410.76"
12/26/2006,"1,416.90"
12/27/2006,"1,426.84"
12/28/2006,"1,424.73"
12/29/2006,"1,418.30"
1/3/2007,"1,416.63"
1/4/2007,"1,418.34"
1/5/2007,"1,409.71"
1/8/2007,"1,412.84"
1/9/2007,"1,412.11"
1/10/2007,"1,414.85"
1/11/2007,"1,423.82"
1/12/2007,"1,430.73"
1/16/2007,"1,431.90"
1/17/2007,"1,430.62"
1/18/2007,"1,426.37"
1/19/2007,"1,430.50"
1/22/2007,"1,422.95"
1/23/2007,"1,427.99"
1/24/2007,"1,440.13"
1/25/2007,"1,423.90"
1/26/2007,"1,422.18"
1/29/2007,"1,420.62"
1/30/2007,"1,428.82"
1/31/2007,"1,438.24"
2/1/2007,"1,445.94"
2/2/2007,"1,448.39"
2/5/2007,"1,446.99"
2/6/2007,"1,448.00"
2/7/2007,"1,450.02"
2/8/2007,"1,448.31"
2/9/2007,"1,438.06"
2/12/2007,"1,433.37"
2/13/2007,"1,444.26"
2/14/2007,"1,455.30"
2/15/2007,"1,456.81"
2/16/2007,"1,455.54"
2/20/2007,"1,459.68"
2/21/2007,"1,457.63"
2/22/2007,"1,456.38"
2/23/2007,"1,451.19"
2/26/2007,"1,449.37"
2/27/2007,"1,399.04"
2/28/2007,"1,406.82"
3/1/2007,"1,403.17"
3/2/2007,"1,387.17"
3/5/2007,"1,374.12"
3/6/2007,"1,395.41"
3/7/2007,"1,391.97"
3/8/2007,"1,401.89"
3/9/2007,"1,402.85"
3/12/2007,"1,406.60"
3/13/2007,"1,377.95"
3/14/2007,"1,387.17"
3/15/2007,"1,392.28"
3/16/2007,"1,386.95"
3/19/2007,"1,402.06"
3/20/2007,"1,410.94"
3/21/2007,"1,435.04"
3/22/2007,"1,434.54"
3/23/2007,"1,436.11"
3/26/2007,"1,437.50"
3/27/2007,"1,428.61"
3/28/2007,"1,417.23"
3/29/2007,"1,422.53"
3/30/2007,"1,420.86"
4/2/2007,"1,424.55"
4/3/2007,"1,437.77"
4/4/2007,"1,439.37"
4/5/2007,"1,443.76"
4/9/2007,"1,444.61"
4/10/2007,"1,448.39"
4/11/2007,"1,438.87"
4/12/2007,"1,447.80"
4/13/2007,"1,452.85"
4/16/2007,"1,468.47"
4/17/2007,"1,471.48"
4/18/2007,"1,472.50"
4/19/2007,"1,470.73"
4/20/2007,"1,484.35"
4/23/2007,"1,480.93"
4/24/2007,"1,480.41"
4/25/2007,"1,495.42"
4/26/2007,"1,494.25"
4/27/2007,"1,494.07"
4/30/2007,"1,482.37"
5/1/2007,"1,486.30"
5/2/2007,"1,495.92"
5/3/2007,"1,502.39"
5/4/2007,"1,505.62"
5/7/2007,"1,509.48"
5/8/2007,"1,507.72"
5/9/2007,"1,512.58"
5/10/2007,"1,491.47"
5/11/2007,"1,505.85"
5/14/2007,"1,503.15"
5/15/2007,"1,501.19"
5/16/2007,"1,514.14"
5/17/2007,"1,512.75"
5/18/2007,"1,522.75"
5/21/2007,"1,525.10"
5/22/2007,"1,524.12"
5/23/2007,"1,522.28"
5/24/2007,"1,507.51"
5/25/2007,"1,515.73"
5/29/2007,"1,518.11"
5/30/2007,"1,530.23"
5/31/2007,"1,530.62"
6/1/2007,"1,536.34"
6/4/2007,"1,539.18"
6/5/2007,"1,530.95"
6/6/2007,"1,517.38"
6/7/2007,"1,490.72"
6/8/2007,"1,507.67"
6/11/2007,"1,509.12"
6/12/2007,"1,493.00"
6/13/2007,"1,515.67"
6/14/2007,"1,522.97"
6/15/2007,"1,532.91"
6/18/2007,"1,531.05"
6/19/2007,"1,533.70"
6/20/2007,"1,512.84"
6/21/2007,"1,522.19"
6/22/2007,"1,502.56"
6/25/2007,"1,497.74"
6/26/2007,"1,492.89"
6/27/2007,"1,506.34"
6/28/2007,"1,505.71"
6/29/2007,"1,503.35"
7/2/2007,"1,519.43"
7/3/2007,"1,524.87"
7/5/2007,"1,525.40"
7/6/2007,"1,530.44"
7/9/2007,"1,531.85"
7/10/2007,"1,510.12"
7/11/2007,"1,518.76"
7/12/2007,"1,547.70"
7/13/2007,"1,552.50"
7/16/2007,"1,549.52"
7/17/2007,"1,549.37"
7/18/2007,"1,546.17"
7/19/2007,"1,553.08"
7/20/2007,"1,534.10"
7/23/2007,"1,541.57"
7/24/2007,"1,511.04"
7/25/2007,"1,518.09"
7/26/2007,"1,482.66"
7/27/2007,"1,458.95"
7/30/2007,"1,473.91"
7/31/2007,"1,455.27"
8/1/2007,"1,465.81"
8/2/2007,"1,472.20"
8/3/2007,"1,433.06"
8/6/2007,"1,467.67"
8/7/2007,"1,476.71"
8/8/2007,"1,497.49"
8/9/2007,"1,453.09"
8/10/2007,"1,453.64"
8/13/2007,"1,452.92"
8/14/2007,"1,426.54"
8/15/2007,"1,406.70"
8/16/2007,"1,411.27"
8/17/2007,"1,445.94"
8/20/2007,"1,445.55"
8/21/2007,"1,447.12"
8/22/2007,"1,464.07"
8/23/2007,"1,462.50"
8/24/2007,"1,479.37"
8/27/2007,"1,466.79"
8/28/2007,"1,432.36"
8/29/2007,"1,463.76"
8/30/2007,"1,457.64"
8/31/2007,"1,473.99"
9/4/2007,"1,489.42"
9/5/2007,"1,472.29"
9/6/2007,"1,478.55"
9/7/2007,"1,453.55"
9/10/2007,"1,451.70"
9/11/2007,"1,471.49"
9/12/2007,"1,471.56"
9/13/2007,"1,483.95"
9/14/2007,"1,484.25"
9/17/2007,"1,476.65"
9/18/2007,"1,519.78"
9/19/2007,"1,529.03"
9/20/2007,"1,518.75"
9/21/2007,"1,525.75"
9/24/2007,"1,517.73"
9/25/2007,"1,517.21"
9/26/2007,"1,525.42"
9/27/2007,"1,531.38"
9/28/2007,"1,526.75"
10/1/2007,"1,547.04"
10/2/2007,"1,546.63"
10/3/2007,"1,539.59"
10/4/2007,"1,542.84"
10/5/2007,"1,557.59"
10/8/2007,"1,552.58"
10/9/2007,"1,565.15"
10/10/2007,"1,562.47"
10/11/2007,"1,554.41"
10/12/2007,"1,561.80"
10/15/2007,"1,548.71"
10/16/2007,"1,538.53"
10/17/2007,"1,541.24"
10/18/2007,"1,540.08"
10/19/2007,"1,500.63"
10/22/2007,"1,506.33"
10/23/2007,"1,519.59"
10/24/2007,"1,515.88"
10/25/2007,"1,514.40"
10/26/2007,"1,535.28"
10/29/2007,"1,540.98"
10/30/2007,"1,531.02"
10/31/2007,"1,549.38"
11/1/2007,"1,508.44"
11/2/2007,"1,509.65"
11/5/2007,"1,502.17"
11/6/2007,"1,520.27"
11/7/2007,"1,475.62"
11/8/2007,"1,474.77"
11/9/2007,"1,453.70"
11/12/2007,"1,439.18"
11/13/2007,"1,481.05"
11/14/2007,"1,470.58"
11/15/2007,"1,451.15"
11/16/2007,"1,458.74"
11/19/2007,"1,433.27"
11/20/2007,"1,439.70"
11/21/2007,"1,416.77"
11/23/2007,"1,440.70"
11/26/2007,"1,407.22"
11/27/2007,"1,428.23"
11/28/2007,"1,469.02"
11/29/2007,"1,469.72"
11/30/2007,"1,481.14"
12/3/2007,"1,472.42"
12/4/2007,"1,462.79"
12/5/2007,"1,485.01"
12/6/2007,"1,507.34"
12/7/2007,"1,504.66"
12/10/2007,"1,515.96"
12/11/2007,"1,477.65"
12/12/2007,"1,486.59"
12/13/2007,"1,488.41"
12/14/2007,"1,467.95"
12/17/2007,"1,445.90"
12/18/2007,"1,454.98"
12/19/2007,"1,453.00"
12/20/2007,"1,460.12"
12/21/2007,"1,484.46"
12/24/2007,"1,496.45"
12/26/2007,"1,497.66"
12/27/2007,"1,476.37"
12/28/2007,"1,478.49"
12/31/2007,"1,468.36"
1/2/2008,"1,447.16"
1/3/2008,"1,447.16"
1/4/2008,"1,411.63"
1/7/2008,"1,416.18"
1/8/2008,"1,390.19"
1/9/2008,"1,409.13"
1/10/2008,"1,420.33"
1/11/2008,"1,401.02"
1/14/2008,"1,416.25"
1/15/2008,"1,380.95"
1/16/2008,"1,373.20"
1/17/2008,"1,333.25"
1/18/2008,"1,325.19"
1/22/2008,"1,310.50"
1/23/2008,"1,338.60"
1/24/2008,"1,352.07"
1/25/2008,"1,330.61"
1/28/2008,"1,353.96"
1/29/2008,"1,362.30"
1/30/2008,"1,355.81"
1/31/2008,"1,378.55"
2/1/2008,"1,395.42"
2/4/2008,"1,380.82"
2/5/2008,"1,336.64"
2/6/2008,"1,326.45"
2/7/2008,"1,336.91"
2/8/2008,"1,331.29"
2/11/2008,"1,339.13"
2/12/2008,"1,348.86"
2/13/2008,"1,367.21"
2/14/2008,"1,348.86"
2/15/2008,"1,349.99"
2/19/2008,"1,348.78"
2/20/2008,"1,360.03"
2/21/2008,"1,342.53"
2/22/2008,"1,353.11"
2/25/2008,"1,371.80"
2/26/2008,"1,381.29"
2/27/2008,"1,380.02"
2/28/2008,"1,367.68"
2/29/2008,"1,330.63"
3/3/2008,"1,331.34"
3/4/2008,"1,326.75"
3/5/2008,"1,333.70"
3/6/2008,"1,304.34"
3/7/2008,"1,293.37"
3/10/2008,"1,273.37"
3/11/2008,"1,320.65"
3/12/2008,"1,308.77"
3/13/2008,"1,315.48"
3/14/2008,"1,288.14"
3/17/2008,"1,276.60"
3/18/2008,"1,330.74"
3/19/2008,"1,298.42"
3/20/2008,"1,329.51"
3/24/2008,"1,349.88"
3/25/2008,"1,352.99"
3/26/2008,"1,341.13"
3/27/2008,"1,325.76"
3/28/2008,"1,315.22"
3/31/2008,"1,322.70"
4/1/2008,"1,370.18"
4/2/2008,"1,367.53"
4/3/2008,"1,369.31"
4/4/2008,"1,370.40"
4/7/2008,"1,372.54"
4/8/2008,"1,365.54"
4/9/2008,"1,354.49"
4/10/2008,"1,360.55"
4/11/2008,"1,332.83"
4/14/2008,"1,328.32"
4/15/2008,"1,334.43"
4/16/2008,"1,364.71"
4/17/2008,"1,365.56"
4/18/2008,"1,390.33"
4/21/2008,"1,388.17"
4/22/2008,"1,375.94"
4/23/2008,"1,379.93"
4/24/2008,"1,388.82"
4/25/2008,"1,397.84"
4/28/2008,"1,396.37"
4/29/2008,"1,390.94"
4/30/2008,"1,385.59"
5/1/2008,"1,409.34"
5/2/2008,"1,413.90"
5/5/2008,"1,407.49"
5/6/2008,"1,418.26"
5/7/2008,"1,392.57"
5/8/2008,"1,397.68"
5/9/2008,"1,388.28"
5/12/2008,"1,403.58"
5/13/2008,"1,403.04"
5/14/2008,"1,408.66"
5/15/2008,"1,423.57"
5/16/2008,"1,425.35"
5/19/2008,"1,426.63"
5/20/2008,"1,413.40"
5/21/2008,"1,390.71"
5/22/2008,"1,394.35"
5/23/2008,"1,375.93"
5/27/2008,"1,385.35"
5/28/2008,"1,390.84"
5/29/2008,"1,398.26"
5/30/2008,"1,400.38"
6/2/2008,"1,385.67"
6/3/2008,"1,377.65"
6/4/2008,"1,377.20"
6/5/2008,"1,404.05"
6/6/2008,"1,360.68"
6/9/2008,"1,361.76"
6/10/2008,"1,358.44"
6/11/2008,"1,335.49"
6/12/2008,"1,339.87"
6/13/2008,"1,360.03"
6/16/2008,"1,360.14"
6/17/2008,"1,350.93"
6/18/2008,"1,337.81"
6/19/2008,"1,342.83"
6/20/2008,"1,317.93"
6/23/2008,"1,318.00"
6/24/2008,"1,314.29"
6/25/2008,"1,321.97"
6/26/2008,"1,283.15"
6/27/2008,"1,278.38"
6/30/2008,"1,280.00"
7/1/2008,"1,284.91"
7/2/2008,"1,261.52"
7/3/2008,"1,262.90"
7/7/2008,"1,252.31"
7/8/2008,"1,273.70"
7/9/2008,"1,244.69"
7/10/2008,"1,253.39"
7/11/2008,"1,239.49"
7/14/2008,"1,228.30"
7/15/2008,"1,214.91"
7/16/2008,"1,245.36"
7/17/2008,"1,260.32"
7/18/2008,"1,260.68"
7/21/2008,"1,260.00"
7/22/2008,"1,277.00"
7/23/2008,"1,282.19"
7/24/2008,"1,252.54"
7/25/2008,"1,257.76"
7/28/2008,"1,234.37"
7/29/2008,"1,263.20"
7/30/2008,"1,284.26"
7/31/2008,"1,267.38"
8/1/2008,"1,260.31"
8/4/2008,"1,249.01"
8/5/2008,"1,284.88"
8/6/2008,"1,289.19"
8/7/2008,"1,266.07"
8/8/2008,"1,296.32"
8/11/2008,"1,305.32"
8/12/2008,"1,289.59"
8/13/2008,"1,285.83"
8/14/2008,"1,292.93"
8/15/2008,"1,298.20"
8/18/2008,"1,278.60"
8/19/2008,"1,266.69"
8/20/2008,"1,274.54"
8/21/2008,"1,277.72"
8/22/2008,"1,292.20"
8/25/2008,"1,266.84"
8/26/2008,"1,271.51"
8/27/2008,"1,281.66"
8/28/2008,"1,300.68"
8/29/2008,"1,282.83"
9/2/2008,"1,277.58"
9/3/2008,"1,274.98"
9/4/2008,"1,236.83"
9/5/2008,"1,242.31"
9/8/2008,"1,267.79"
9/9/2008,"1,224.51"
9/10/2008,"1,232.04"
9/11/2008,"1,249.05"
9/12/2008,"1,251.70"
9/15/2008,"1,192.70"
9/16/2008,"1,213.60"
9/17/2008,"1,156.39"
9/18/2008,"1,206.51"
9/19/2008,"1,255.08"
9/22/2008,"1,207.09"
9/23/2008,"1,188.22"
9/24/2008,"1,185.87"
9/25/2008,"1,209.18"
9/26/2008,"1,213.27"
9/29/2008,"1,106.42"
9/30/2008,"1,164.74"
10/1/2008,"1,161.06"
10/2/2008,"1,114.28"
10/3/2008,"1,099.23"
10/6/2008,"1,056.89"
10/7/2008,996.23
10/8/2008,984.94
10/9/2008,909.92
10/10/2008,899.22
10/13/2008,"1,003.35"
10/14/2008,998.01
10/15/2008,907.84
10/16/2008,946.43
10/17/2008,940.55
10/20/2008,985.4
10/21/2008,955.05
10/22/2008,896.78
10/23/2008,908.11
10/24/2008,876.77
10/27/2008,848.92
10/28/2008,940.51
10/29/2008,930.09
10/30/2008,954.09
10/31/2008,968.75
11/3/2008,966.3
11/4/2008,"1,005.75"
11/5/2008,952.77
11/6/2008,904.88
11/7/2008,930.99
11/10/2008,919.21
